{
    "test": {
        "Cars:top1": 0.5973137669444099,
        "DTD:top1": 0.4398936170212766,
        "EuroSAT:top1": 0.4650188521156263,
        "GTSRB:top1": 0.32604908946951705,
        "MNIST:top1": 0.4826,
        "RESISC45:top1": 0.6066666666666667,
        "SVHN:top1": 0.3162645974185618,
        "SUN397:top1": 0.6316372795969774,
        "STL10:top1": 0.97125,
        "OxfordIIITPet:top1": 0.874897792313982,
        "Flowers102:top1": 0.6648235485444788,
        "CIFAR100:top1": 0.6423,
        "PCAM:top1": 0.606353759765625,
        "FER2013:top1": 0.3900808024519365,
        "CIFAR10:top1": 0.8983,
        "Food101:top1": 0.8257425742574257,
        "FashionMNIST:top1": 0.6301,
        "RenderedSST2:top1": 0.586490939044481,
        "EMNIST:top1": 0.1719,
        "KMNIST:top1": 0.0977,
        "Cars:normalized_top1": 0.7639573723556545,
        "DTD:normalized_top1": 0.5554063129617193,
        "EuroSAT:normalized_top1": 0.47006772770954364,
        "GTSRB:normalized_top1": 0.3288612042804664,
        "MNIST:normalized_top1": 0.4841007122078443,
        "RESISC45:normalized_top1": 0.6333057166528583,
        "SVHN:normalized_top1": 0.3241466199456672,
        "SUN397:normalized_top1": 0.8383257555496122,
        "STL10:normalized_top1": 0.9913243174279153,
        "OxfordIIITPet:normalized_top1": 0.9602153754113072,
        "Flowers102:normalized_top1": 0.7345911949685535,
        "CIFAR100:normalized_top1": 0.7195026324633135,
        "PCAM:normalized_top1": 0.6900156277131446,
        "FER2013:normalized_top1": 0.5347593582887701,
        "CIFAR10:normalized_top1": 0.9174752323562455,
        "Food101:normalized_top1": 0.9267902386984931,
        "FashionMNIST:normalized_top1": 0.6611752360965373,
        "RenderedSST2:normalized_top1": 0.7887740029542096,
        "EMNIST:normalized_top1": 0.1722746974669907,
        "KMNIST:normalized_top1": 0.09905708202372503,
        "avg_normalized_top1": 0.6297063208766286,
        "avg_top1": 0.5612691642805483
    },
    "val": {
        "0.0": {
            "CarsVal:top1": 0.5958230958230958,
            "DTDVal:top1": 0.425531914893617,
            "EuroSATVal:top1": 0.4586723768736617,
            "GTSRBVal:top1": 0.32995495495495497,
            "MNISTVal:top1": 0.4816,
            "RESISC45Val:top1": 0.6142857142857143,
            "SVHNVal:top1": 0.2916,
            "SUN397Val:top1": 0.6347607052896725,
            "STL10Val:top1": 0.956,
            "OxfordIIITPetVal:top1": 0.8260869565217391,
            "Flowers102Val:top1": 0.7352941176470589,
            "CIFAR100Val:top1": 0.6498,
            "PCAMVal:top1": 0.6014,
            "FER2013Val:top1": 0.39930313588850175,
            "CIFAR10Val:top1": 0.8936,
            "Food101Val:top1": 0.7824,
            "FashionMNISTVal:top1": 0.628,
            "RenderedSST2Val:top1": 0.5708092485549133,
            "EMNISTVal:top1": 0.1586,
            "KMNISTVal:top1": 0.0914,
            "CarsVal:normalized_top1": 0.7637795275590551,
            "DTDVal:normalized_top1": 0.54421768707483,
            "EuroSATVal:normalized_top1": 0.4631321681222463,
            "GTSRBVal:normalized_top1": 0.3302028549962434,
            "MNISTVal:normalized_top1": 0.4837284049819204,
            "RESISC45Val:normalized_top1": 0.6382627817482134,
            "SVHNVal:normalized_top1": 0.30255239676281387,
            "SUN397Val:normalized_top1": 0.841683366733467,
            "STL10Val:normalized_top1": 0.9715447154471545,
            "OxfordIIITPetVal:normalized_top1": 0.8941176470588236,
            "Flowers102Val:normalized_top1": 0.7731958762886599,
            "CIFAR100Val:normalized_top1": 0.7258713136729223,
            "PCAMVal:normalized_top1": 0.6177074774034511,
            "FER2013Val:normalized_top1": 0.5431279620853081,
            "CIFAR10Val:normalized_top1": 0.9129546383326522,
            "Food101Val:normalized_top1": 0.9246041125029544,
            "FashionMNISTVal:normalized_top1": 0.6574539363484087,
            "RenderedSST2Val:normalized_top1": 0.7995951417004049,
            "EMNISTVal:normalized_top1": 0.15888599479062313,
            "KMNISTVal:normalized_top1": 0.09185929648241206,
            "avg_normalized_top1": 0.6219238650046282,
            "avg_top1": 0.5562461110366466
        }
    },
    "val_best": {
        "CarsVal:top1": 0.5958230958230958,
        "DTDVal:top1": 0.425531914893617,
        "EuroSATVal:top1": 0.4586723768736617,
        "GTSRBVal:top1": 0.32995495495495497,
        "MNISTVal:top1": 0.4816,
        "RESISC45Val:top1": 0.6142857142857143,
        "SVHNVal:top1": 0.2916,
        "SUN397Val:top1": 0.6347607052896725,
        "STL10Val:top1": 0.956,
        "OxfordIIITPetVal:top1": 0.8260869565217391,
        "Flowers102Val:top1": 0.7352941176470589,
        "CIFAR100Val:top1": 0.6498,
        "PCAMVal:top1": 0.6014,
        "FER2013Val:top1": 0.39930313588850175,
        "CIFAR10Val:top1": 0.8936,
        "Food101Val:top1": 0.7824,
        "FashionMNISTVal:top1": 0.628,
        "RenderedSST2Val:top1": 0.5708092485549133,
        "EMNISTVal:top1": 0.1586,
        "KMNISTVal:top1": 0.0914,
        "Cars:top1": 0.5973137669444099,
        "DTD:top1": 0.4398936170212766,
        "EuroSAT:top1": 0.4650188521156263,
        "GTSRB:top1": 0.32604908946951705,
        "MNIST:top1": 0.4826,
        "RESISC45:top1": 0.6066666666666667,
        "SVHN:top1": 0.3162645974185618,
        "SUN397:top1": 0.6316372795969774,
        "STL10:top1": 0.97125,
        "OxfordIIITPet:top1": 0.874897792313982,
        "Flowers102:top1": 0.6648235485444788,
        "CIFAR100:top1": 0.6423,
        "PCAM:top1": 0.606353759765625,
        "FER2013:top1": 0.3900808024519365,
        "CIFAR10:top1": 0.8983,
        "Food101:top1": 0.8257425742574257,
        "FashionMNIST:top1": 0.6301,
        "RenderedSST2:top1": 0.586490939044481,
        "EMNIST:top1": 0.1719,
        "KMNIST:top1": 0.0977,
        "CarsVal:normalized_top1": 0.7637795275590551,
        "DTDVal:normalized_top1": 0.54421768707483,
        "EuroSATVal:normalized_top1": 0.4631321681222463,
        "GTSRBVal:normalized_top1": 0.3302028549962434,
        "MNISTVal:normalized_top1": 0.4837284049819204,
        "RESISC45Val:normalized_top1": 0.6382627817482134,
        "SVHNVal:normalized_top1": 0.30255239676281387,
        "SUN397Val:normalized_top1": 0.841683366733467,
        "STL10Val:normalized_top1": 0.9715447154471545,
        "OxfordIIITPetVal:normalized_top1": 0.8941176470588236,
        "Flowers102Val:normalized_top1": 0.7731958762886599,
        "CIFAR100Val:normalized_top1": 0.7258713136729223,
        "PCAMVal:normalized_top1": 0.6177074774034511,
        "FER2013Val:normalized_top1": 0.5431279620853081,
        "CIFAR10Val:normalized_top1": 0.9129546383326522,
        "Food101Val:normalized_top1": 0.9246041125029544,
        "FashionMNISTVal:normalized_top1": 0.6574539363484087,
        "RenderedSST2Val:normalized_top1": 0.7995951417004049,
        "EMNISTVal:normalized_top1": 0.15888599479062313,
        "KMNISTVal:normalized_top1": 0.09185929648241206,
        "avg_normalized_top1": 0.6219238650046282,
        "avg_top1": 0.5562461110366466
    }
}