{
    "test": {
        "Cars:top1": 0.7775152344235792,
        "DTD:top1": 0.5531914893617021,
        "EuroSAT:top1": 0.6099706744868035,
        "GTSRB:top1": 0.5055423594615994,
        "MNIST:top1": 0.7636,
        "RESISC45:top1": 0.7104761904761905,
        "SVHN:top1": 0.5844729563614014,
        "SUN397:top1": 0.6827707808564232,
        "STL10:top1": 0.993625,
        "OxfordIIITPet:top1": 0.9359498500953939,
        "Flowers102:top1": 0.7905350463489998,
        "CIFAR100:top1": 0.7582,
        "PCAM:top1": 0.5120849609375,
        "FER2013:top1": 0.3815826135413764,
        "CIFAR10:top1": 0.9557,
        "Food101:top1": 0.9232475247524753,
        "FashionMNIST:top1": 0.6694,
        "RenderedSST2:top1": 0.6891817682591982,
        "EMNIST:top1": 0.15635,
        "KMNIST:top1": 0.1039,
        "Cars:normalized_top1": 0.8427011726647796,
        "DTD:normalized_top1": 0.6565656565656566,
        "EuroSAT:normalized_top1": 0.6145226944456603,
        "GTSRB:normalized_top1": 0.5098618541882936,
        "MNIST:normalized_top1": 0.7652069345625814,
        "RESISC45:normalized_top1": 0.7300603490458327,
        "SVHN:normalized_top1": 0.5956155803484048,
        "SUN397:normalized_top1": 0.8317785687983307,
        "STL10:normalized_top1": 0.9984926516769249,
        "OxfordIIITPet:normalized_top1": 0.9797432239657632,
        "Flowers102:normalized_top1": 0.8077434363575938,
        "CIFAR100:normalized_top1": 0.8123861566484517,
        "PCAM:normalized_top1": 0.5672943642449034,
        "FER2013:normalized_top1": 0.4954775687409551,
        "CIFAR10:normalized_top1": 0.9634072580645161,
        "Food101:normalized_top1": 0.9671423830069699,
        "FashionMNIST:normalized_top1": 0.6986744598684898,
        "RenderedSST2:normalized_top1": 0.8065552699228792,
        "EMNIST:normalized_top1": 0.15664763049794608,
        "KMNIST:normalized_top1": 0.10521518987341773,
        "avg_normalized_top1": 0.6952546201744176,
        "avg_top1": 0.6528648224681322
    },
    "val": {
        "0.0": {
            "CarsVal:top1": 0.7960687960687961,
            "DTDVal:top1": 0.550531914893617,
            "EuroSATVal:top1": 0.6059957173447538,
            "GTSRBVal:top1": 0.5082582582582582,
            "MNISTVal:top1": 0.771,
            "RESISC45Val:top1": 0.7375661375661375,
            "SVHNVal:top1": 0.512,
            "SUN397Val:top1": 0.6861460957178841,
            "STL10Val:top1": 0.992,
            "OxfordIIITPetVal:top1": 0.9375,
            "Flowers102Val:top1": 0.803921568627451,
            "CIFAR100Val:top1": 0.7596,
            "PCAMVal:top1": 0.4958,
            "FER2013Val:top1": 0.38989547038327527,
            "CIFAR10Val:top1": 0.9552,
            "Food101Val:top1": 0.8914,
            "FashionMNISTVal:top1": 0.6636,
            "RenderedSST2Val:top1": 0.680635838150289,
            "EMNISTVal:top1": 0.1534,
            "KMNISTVal:top1": 0.0902,
            "Cars:top1": 0.7775152344235792,
            "DTD:top1": 0.5531914893617021,
            "EuroSAT:top1": 0.6099706744868035,
            "GTSRB:top1": 0.5055423594615994,
            "MNIST:top1": 0.7636,
            "RESISC45:top1": 0.7104761904761905,
            "SVHN:top1": 0.5844729563614014,
            "SUN397:top1": 0.6827707808564232,
            "STL10:top1": 0.993625,
            "OxfordIIITPet:top1": 0.9359498500953939,
            "Flowers102:top1": 0.7905350463489998,
            "CIFAR100:top1": 0.7582,
            "PCAM:top1": 0.5120849609375,
            "FER2013:top1": 0.3815826135413764,
            "CIFAR10:top1": 0.9557,
            "Food101:top1": 0.9232475247524753,
            "FashionMNIST:top1": 0.6694,
            "RenderedSST2:top1": 0.6891817682591982,
            "EMNIST:top1": 0.15635,
            "KMNIST:top1": 0.1039,
            "CarsVal:normalized_top1": 0.8571428571428572,
            "DTDVal:normalized_top1": 0.6550632911392404,
            "EuroSATVal:normalized_top1": 0.6102903531633104,
            "GTSRBVal:normalized_top1": 0.5084491175366128,
            "MNISTVal:normalized_top1": 0.773319959879639,
            "RESISC45Val:normalized_top1": 0.7580206634040239,
            "SVHNVal:normalized_top1": 0.5265322912381736,
            "SUN397Val:normalized_top1": 0.8325183374083129,
            "STL10Val:normalized_top1": 0.9979879275653923,
            "OxfordIIITPetVal:normalized_top1": 0.9773371104815864,
            "Flowers102Val:normalized_top1": 0.8118811881188119,
            "CIFAR100Val:normalized_top1": 0.8108454312553374,
            "PCAMVal:normalized_top1": 0.5057119543043656,
            "FER2013Val:normalized_top1": 0.5040540540540541,
            "CIFAR10Val:normalized_top1": 0.9642640823743186,
            "Food101Val:normalized_top1": 0.9578766387277026,
            "FashionMNISTVal:normalized_top1": 0.6937068785281204,
            "RenderedSST2Val:normalized_top1": 0.8248686514886164,
            "EMNISTVal:normalized_top1": 0.1537382240930046,
            "KMNISTVal:normalized_top1": 0.09043513134148788,
            "avg_normalized_top1": 0.6907022071622484,
            "avg_top1": 0.6490359898505231
        }
    },
    "val_best": {
        "CarsVal:top1": 0.7960687960687961,
        "DTDVal:top1": 0.550531914893617,
        "EuroSATVal:top1": 0.6059957173447538,
        "GTSRBVal:top1": 0.5082582582582582,
        "MNISTVal:top1": 0.771,
        "RESISC45Val:top1": 0.7375661375661375,
        "SVHNVal:top1": 0.512,
        "SUN397Val:top1": 0.6861460957178841,
        "STL10Val:top1": 0.992,
        "OxfordIIITPetVal:top1": 0.9375,
        "Flowers102Val:top1": 0.803921568627451,
        "CIFAR100Val:top1": 0.7596,
        "PCAMVal:top1": 0.4958,
        "FER2013Val:top1": 0.38989547038327527,
        "CIFAR10Val:top1": 0.9552,
        "Food101Val:top1": 0.8914,
        "FashionMNISTVal:top1": 0.6636,
        "RenderedSST2Val:top1": 0.680635838150289,
        "EMNISTVal:top1": 0.1534,
        "KMNISTVal:top1": 0.0902,
        "Cars:top1": 0.7775152344235792,
        "DTD:top1": 0.5531914893617021,
        "EuroSAT:top1": 0.6099706744868035,
        "GTSRB:top1": 0.5055423594615994,
        "MNIST:top1": 0.7636,
        "RESISC45:top1": 0.7104761904761905,
        "SVHN:top1": 0.5844729563614014,
        "SUN397:top1": 0.6827707808564232,
        "STL10:top1": 0.993625,
        "OxfordIIITPet:top1": 0.9359498500953939,
        "Flowers102:top1": 0.7905350463489998,
        "CIFAR100:top1": 0.7582,
        "PCAM:top1": 0.5120849609375,
        "FER2013:top1": 0.3815826135413764,
        "CIFAR10:top1": 0.9557,
        "Food101:top1": 0.9232475247524753,
        "FashionMNIST:top1": 0.6694,
        "RenderedSST2:top1": 0.6891817682591982,
        "EMNIST:top1": 0.15635,
        "KMNIST:top1": 0.1039,
        "CarsVal:normalized_top1": 0.8571428571428572,
        "DTDVal:normalized_top1": 0.6550632911392404,
        "EuroSATVal:normalized_top1": 0.6102903531633104,
        "GTSRBVal:normalized_top1": 0.5084491175366128,
        "MNISTVal:normalized_top1": 0.773319959879639,
        "RESISC45Val:normalized_top1": 0.7580206634040239,
        "SVHNVal:normalized_top1": 0.5265322912381736,
        "SUN397Val:normalized_top1": 0.8325183374083129,
        "STL10Val:normalized_top1": 0.9979879275653923,
        "OxfordIIITPetVal:normalized_top1": 0.9773371104815864,
        "Flowers102Val:normalized_top1": 0.8118811881188119,
        "CIFAR100Val:normalized_top1": 0.8108454312553374,
        "PCAMVal:normalized_top1": 0.5057119543043656,
        "FER2013Val:normalized_top1": 0.5040540540540541,
        "CIFAR10Val:normalized_top1": 0.9642640823743186,
        "Food101Val:normalized_top1": 0.9578766387277026,
        "FashionMNISTVal:normalized_top1": 0.6937068785281204,
        "RenderedSST2Val:normalized_top1": 0.8248686514886164,
        "EMNISTVal:normalized_top1": 0.1537382240930046,
        "KMNISTVal:normalized_top1": 0.09043513134148788,
        "avg_normalized_top1": 0.6907022071622484,