{
    "test": {
        "Cars:top1": 0.6464370103220992,
        "DTD:top1": 0.451063829787234,
        "EuroSAT:top1": 0.5550900712191035,
        "GTSRB:top1": 0.433729216152019,
        "MNIST:top1": 0.5173,
        "RESISC45:top1": 0.6576190476190477,
        "SVHN:top1": 0.5198985863552551,
        "SUN397:top1": 0.6551133501259446,
        "STL10:top1": 0.9825,
        "OxfordIIITPet:top1": 0.8912510220768601,
        "Flowers102:top1": 0.7142624817043421,
        "CIFAR100:top1": 0.6695,
        "PCAM:top1": 0.54022216796875,
        "FER2013:top1": 0.35553078852047926,
        "CIFAR10:top1": 0.9077,
        "Food101:top1": 0.8790891089108911,
        "FashionMNIST:top1": 0.673,
        "RenderedSST2:top1": 0.6057111477210324,
        "EMNIST:top1": 0.198775,
        "KMNIST:top1": 0.1018,
        "Cars:normalized_top1": 0.7378282469836763,
        "DTD:normalized_top1": 0.5517241379310345,
        "EuroSAT:normalized_top1": 0.5613270383114529,
        "GTSRB:normalized_top1": 0.4380998080614203,
        "MNIST:normalized_top1": 0.5185964912280702,
        "RESISC45:normalized_top1": 0.6784018339610284,
        "SVHN:normalized_top1": 0.5314745729432554,
        "SUN397:normalized_top1": 0.8312452058297111,
        "STL10:normalized_top1": 0.996450304259635,
        "OxfordIIITPet:normalized_top1": 0.9431785405249494,
        "Flowers102:normalized_top1": 0.7618386816999132,
        "CIFAR100:normalized_top1": 0.7380663653400947,
        "PCAM:normalized_top1": 0.6057557403415118,
        "FER2013:normalized_top1": 0.4755870294446516,
        "CIFAR10:normalized_top1": 0.9212422612402313,
        "Food101:normalized_top1": 0.9464864403888794,
        "FashionMNIST:normalized_top1": 0.7036069001568218,
        "RenderedSST2:normalized_top1": 0.7649098474341193,
        "EMNIST:normalized_top1": 0.19918831575519205,
        "KMNIST:normalized_top1": 0.10304686709181092,
        "avg_normalized_top1": 0.650402731446373,
        "avg_top1": 0.597779641424153
    },
    "val": {
        "0.0": {
            "CarsVal:top1": 0.64004914004914,
            "DTDVal:top1": 0.449468085106383,
            "EuroSATVal:top1": 0.5481798715203426,
            "GTSRBVal:top1": 0.4283033033033033,
            "MNISTVal:top1": 0.5052,
            "RESISC45Val:top1": 0.6756613756613756,
            "SVHNVal:top1": 0.4456,
            "SUN397Val:top1": 0.654911838790932,
            "STL10Val:top1": 0.978,
            "OxfordIIITPetVal:top1": 0.8722826086956522,
            "Flowers102Val:top1": 0.6862745098039216,
            "CIFAR100Val:top1": 0.6816,
            "PCAMVal:top1": 0.4982,
            "FER2013Val:top1": 0.35958188153310106,
            "CIFAR10Val:top1": 0.9068,
            "Food101Val:top1": 0.8448,
            "FashionMNISTVal:top1": 0.6772,
            "RenderedSST2Val:top1": 0.5953757225433526,
            "EMNISTVal:top1": 0.1952,
            "KMNISTVal:top1": 0.1006,
            "CarsVal:normalized_top1": 0.7400568181818181,
            "DTDVal:normalized_top1": 0.5487012987012987,
            "EuroSATVal:normalized_top1": 0.5522707660839273,
            "GTSRBVal:normalized_top1": 0.4286250939143501,
            "MNISTVal:normalized_top1": 0.5077386934673367,
            "RESISC45Val:normalized_top1": 0.6962922573609597,
            "SVHNVal:normalized_top1": 0.4605208763952046,
            "SUN397Val:normalized_top1": 0.8441558441558441,
            "STL10Val:normalized_top1": 0.9819277108433735,
            "OxfordIIITPetVal:normalized_top1": 0.9197707736389685,
            "Flowers102Val:normalized_top1": 0.7070707070707071,
            "CIFAR100Val:normalized_top1": 0.7483530961791831,
            "PCAMVal:normalized_top1": 0.5090946249744532,
            "FER2013Val:normalized_top1": 0.47777777777777775,
            "CIFAR10Val:normalized_top1": 0.9213574476732372,
            "Food101Val:normalized_top1": 0.9432782492184011,
            "FashionMNISTVal:normalized_top1": 0.7107472712006717,
            "RenderedSST2Val:normalized_top1": 0.7700934579439253,
            "EMNISTVal:normalized_top1": 0.19563038685107237,
            "KMNISTVal:normalized_top1": 0.10086224182875476,
            "avg_normalized_top1": 0.6382162696730633,
            "avg_top1": 0.5871644168503751
        }
    },
    "val_best": {
        "CarsVal:top1": 0.64004914004914,
        "DTDVal:top1": 0.449468085106383,
        "EuroSATVal:top1": 0.5481798715203426,
        "GTSRBVal:top1": 0.4283033033033033,
        "MNISTVal:top1": 0.5052,
        "RESISC45Val:top1": 0.6756613756613756,
        "SVHNVal:top1": 0.4456,
        "SUN397Val:top1": 0.654911838790932,
        "STL10Val:top1": 0.978,
        "OxfordIIITPetVal:top1": 0.8722826086956522,
        "Flowers102Val:top1": 0.6862745098039216,
        "CIFAR100Val:top1": 0.6816,
        "PCAMVal:top1": 0.4982,
        "FER2013Val:top1": 0.35958188153310106,
        "CIFAR10Val:top1": 0.9068,
        "Food101Val:top1": 0.8448,
        "FashionMNISTVal:top1": 0.6772,
        "RenderedSST2Val:top1": 0.5953757225433526,
        "EMNISTVal:top1": 0.1952,
        "KMNISTVal:top1": 0.1006,
        "CarsVal:normalized_top1": 0.7400568181818181,
        "DTDVal:normalized_top1": 0.5487012987012987,
        "EuroSATVal:normalized_top1": 0.5522707660839273,
        "GTSRBVal:normalized_top1": 0.4286250939143501,
        "MNISTVal:normalized_top1": 0.5077386934673367,
        "RESISC45Val:normalized_top1": 0.6962922573609597,
        "SVHNVal:normalized_top1": 0.4605208763952046,
        "SUN397Val:normalized_top1": 0.8441558441558441,
        "STL10Val:normalized_top1": 0.9819277108433735,
        "OxfordIIITPetVal:normalized_top1": 0.9197707736389685,
        "Flowers102Val:normalized_top1": 0.7070707070707071,
        "CIFAR100Val:normalized_top1": 0.7483530961791831,
        "PCAMVal:normalized_top1": 0.5090946249744532,
        "FER2013Val:normalized_top1": 0.47777777777777775,
        "CIFAR10Val:normalized_top1": 0.9213574476732372,
        "Food101Val:normalized_top1": 0.9432782492184011,
        "FashionMNISTVal:normalized_top1": 0.7107472712006717,
        "RenderedSST2Val:normalized_top1": 0.7700934579439253,
        "EMNISTVal:normalized_top1": 0.19563038685107237,
        "KMNISTVal:normalized_top1": 0.10086224182875476,
        "avg_normalized_top1": 0.6382162696730633,
        "avg_top1": 0.5871644168503751
    }
}